You are stupid	0.9485229
You are a fool	0.9480856
You're an idiot	0.9807363
I will kill you	0.94884145
fuck!!!	0.9722193
You are stup_d	0.94937176
You are a fo_l	0.6364068
You're an id_ot	0.68715
I will kil_ you	0.88060343
f_cK!!!	0.8256772
