You are stupid	0.9485229
You are a fool	0.9480856
You're an idiot	0.9807363
I will kill you	0.94884145
fuck!!!	0.9722193
You are stupd	0.9167433
You are a fol	0.53490317
You're an idot	0.9422673
I will kil you	0.8785311
