You are stupid	0.9485229
You are a fool	0.9480856
You're an idiot	0.9807363
I will kill you	0.94884145
fuck!!!	0.9722193
You are sTup_d	0.49436218
You are a fO~l	0.49471682
You're an idI T	0.7601448
I will kiL_ you	0.6033353
