You are stupid	0.9485229
You are a fool	0.9480856
You're an idiot	0.9807363
I will kill you	0.94884145
fuck!!!	0.97221935
You are sTuPid	0.44902813
You are a FoOl	0.4930618
You're an idIoT	0.7235508
I will kILl you	0.41244426
fUcK!!!	0.93135697
